department,position,scale_point,annual_rat(€)

MANAGEMENT_LEVEL,PRESIDENT,,"240716"
MANAGEMENT_LEVEL,VICE_PRESIDENT,,"184171"


ACADEMIC,FULL_PROFESSOR(FORMERLY PROFESSOR),1,"140068"
ACADEMIC,FULL_PROFESSOR(FORMERLY PROFESSOR),2,"148055"
ACADEMIC,FULL_PROFESSOR(FORMERLY PROFESSOR),3,"156042"
ACADEMIC,FULL_PROFESSOR(FORMERLY PROFESSOR),4,"164028"
ACADEMIC,FULL_PROFESSOR(FORMERLY PROFESSOR),5,"172016"
ACADEMIC,FULL_PROFESSOR(FORMERLY PROFESSOR),6,"177078"

ACADEMIC,PROFESSOR(FORMERLY_ASSOCIATE_PROFESSOR),1,"101447"
ACADEMIC,PROFESSOR(FORMERLY_ASSOCIATE_PROFESSOR),2,"108276"
ACADEMIC,PROFESSOR(FORMERLY_ASSOCIATE_PROFESSOR),3,"115107"
ACADEMIC,PROFESSOR(FORMERLY_ASSOCIATE_PROFESSOR),4,"121935"
ACADEMIC,PROFESSOR(FORMERLY_ASSOCIATE_PROFESSOR),5,"128770"
ACADEMIC,PROFESSOR(FORMERLY_ASSOCIATE_PROFESSOR),6,"135598"

ACADEMIC,ASSOCIATE_PROFESSOR_A(FORMERLY_SENIOR_LECTURER),1,"87548"
ACADEMIC,ASSOCIATE_PROFESSOR_A(FORMERLY_SENIOR_LECTURER),2,"91018"
ACADEMIC,ASSOCIATE_PROFESSOR_A(FORMERLY_SENIOR_LECTURER),3,"94492"
ACADEMIC,ASSOCIATE_PROFESSOR_A(FORMERLY_SENIOR_LECTURER),4,"97988"
ACADEMIC,ASSOCIATE_PROFESSOR_A(FORMERLY_SENIOR_LECTURER),5,"101461"
ACADEMIC,ASSOCIATE_PROFESSOR_A(FORMERLY_SENIOR_LECTURER),6,"104948"
ACADEMIC,ASSOCIATE_PROFESSOR_A(FORMERLY_SENIOR_LECTURER),7,"108430"
ACADEMIC,ASSOCIATE_PROFESSOR_A(FORMERLY_SENIOR_LECTURER),8,"111916"
ACADEMIC,ASSOCIATE_PROFESSOR_A(FORMERLY_SENIOR_LECTURER),9,"115395"

ACADEMIC,ASSOCIATE_PROFESSOR_B(FORMERLY_LECTURER),1,"62069"
ACADEMIC,ASSOCIATE_PROFESSOR_B(FORMERLY_LECTURER),2,"73093"
ACADEMIC,ASSOCIATE_PROFESSOR_B(FORMERLY_LECTURER),3,"77006"
ACADEMIC,ASSOCIATE_PROFESSOR_B(FORMERLY_LECTURER),4,"79703"
ACADEMIC,ASSOCIATE_PROFESSOR_B(FORMERLY_LECTURER),5,"83634"
ACADEMIC,ASSOCIATE_PROFESSOR_B(FORMERLY_LECTURER),6,"87604"
ACADEMIC,ASSOCIATE_PROFESSOR_B(FORMERLY_LECTURER),7,"91563"
ACADEMIC,ASSOCIATE_PROFESSOR_B(FORMERLY_LECTURER),8,"95514"
ACADEMIC,ASSOCIATE_PROFESSOR_B(FORMERLY_LECTURER),9,"99471"

ACADEMIC,ASSISTANT_PROFESSOR(FORMERLY_LECTURER_BELOW_THE_BAR),1,"46955"
ACADEMIC,ASSISTANT_PROFESSOR(FORMERLY_LECTURER_BELOW_THE_BAR),2,"49543"
ACADEMIC,ASSISTANT_PROFESSOR(FORMERLY_LECTURER_BELOW_THE_BAR),3,"51676"
ACADEMIC,ASSISTANT_PROFESSOR(FORMERLY_LECTURER_BELOW_THE_BAR),4,"53644"
ACADEMIC,ASSISTANT_PROFESSOR(FORMERLY_LECTURER_BELOW_THE_BAR),5,"55689"
ACADEMIC,ASSISTANT_PROFESSOR(FORMERLY_LECTURER_BELOW_THE_BAR),6,"57323"
ACADEMIC,ASSISTANT_PROFESSOR(FORMERLY_LECTURER_BELOW_THE_BAR),7,"58990"
ACADEMIC,ASSISTANT_PROFESSOR(FORMERLY_LECTURER_BELOW_THE_BAR),8,"60654"
ACADEMIC,ASSISTANT_PROFESSOR(FORMERLY_LECTURER_BELOW_THE_BAR),9,"62314"
ACADEMIC,ASSISTANT_PROFESSOR(FORMERLY_LECTURER_BELOW_THE_BAR),10,"63965"

ACADEMIC,TEACHING_ASSISTANT,1,"37010"
ACADEMIC,TEACHING_ASSISTANT,2,"40061"

ADIMINISTRATIVE,ENIOR_ADMINISTRATIVE_OFFICER_III,1,"106800"
ADIMINISTRATIVE,ENIOR_ADMINISTRATIVE_OFFICER_III,2,"113990"
ADIMINISTRATIVE,ENIOR_ADMINISTRATIVE_OFFICER_III,3,"121181"
ADIMINISTRATIVE,ENIOR_ADMINISTRATIVE_OFFICER_III,4,"128369"
ADIMINISTRATIVE,ENIOR_ADMINISTRATIVE_OFFICER_III,5,"135565"
ADIMINISTRATIVE,ENIOR_ADMINISTRATIVE_OFFICER_III,6,"142758"

ADIMINISTRATIVE,ENIOR_ADMINISTRATIVE_OFFICER_II,1,"94941"
ADIMINISTRATIVE,ENIOR_ADMINISTRATIVE_OFFICER_II,2,"98703"
ADIMINISTRATIVE,ENIOR_ADMINISTRATIVE_OFFICER_II,3,"102487"
ADIMINISTRATIVE,ENIOR_ADMINISTRATIVE_OFFICER_II,4,"106270"
ADIMINISTRATIVE,ENIOR_ADMINISTRATIVE_OFFICER_II,5,"110030"
ADIMINISTRATIVE,ENIOR_ADMINISTRATIVE_OFFICER_II,6,"113810"
ADIMINISTRATIVE,ENIOR_ADMINISTRATIVE_OFFICER_II,7,"117589"
ADIMINISTRATIVE,ENIOR_ADMINISTRATIVE_OFFICER_II,8,"121368"
ADIMINISTRATIVE,ENIOR_ADMINISTRATIVE_OFFICER_II,9,"125140"

ADIMINISTRATIVE,ENIOR_ADMINISTRATIVE_OFFICER_I,1,"67132"
ADIMINISTRATIVE,ENIOR_ADMINISTRATIVE_OFFICER_I,2,"69712"
ADIMINISTRATIVE,ENIOR_ADMINISTRATIVE_OFFICER_I,3,"72480"
ADIMINISTRATIVE,ENIOR_ADMINISTRATIVE_OFFICER_I,4,"75725"
ADIMINISTRATIVE,ENIOR_ADMINISTRATIVE_OFFICER_I,5,"79088"
ADIMINISTRATIVE,ENIOR_ADMINISTRATIVE_OFFICER_I,6,"82103"
ADIMINISTRATIVE,ENIOR_ADMINISTRATIVE_OFFICER_I,7,"86389"
ADIMINISTRATIVE,ENIOR_ADMINISTRATIVE_OFFICER_I,8,"90697"
ADIMINISTRATIVE,ENIOR_ADMINISTRATIVE_OFFICER_I,9,"95004"
ADIMINISTRATIVE,ENIOR_ADMINISTRATIVE_OFFICER_I,10,"99296"
ADIMINISTRATIVE,ENIOR_ADMINISTRATIVE_OFFICER_I,11,"103583"
ADIMINISTRATIVE,ENIOR_ADMINISTRATIVE_OFFICER_I,12,"107875"

ADIMINISTRATIVE,SENIOR_EXECUTIVE_ADMINISTRATOR,1,"58657"
ADIMINISTRATIVE,SENIOR_EXECUTIVE_ADMINISTRATOR,2,"60174"
ADIMINISTRATIVE,SENIOR_EXECUTIVE_ADMINISTRATOR,3,"61704"
ADIMINISTRATIVE,SENIOR_EXECUTIVE_ADMINISTRATOR,4,"63240"
ADIMINISTRATIVE,SENIOR_EXECUTIVE_ADMINISTRATOR,5,"64776"
ADIMINISTRATIVE,SENIOR_EXECUTIVE_ADMINISTRATOR,6,"66317"
ADIMINISTRATIVE,SENIOR_EXECUTIVE_ADMINISTRATOR,7,"68510"
ADIMINISTRATIVE,SENIOR_EXECUTIVE_ADMINISTRATOR,8,"72779"
ADIMINISTRATIVE,SENIOR_EXECUTIVE_ADMINISTRATOR,9,"77291"
ADIMINISTRATIVE,SENIOR_EXECUTIVE_ADMINISTRATOR,10,"79691"
ADIMINISTRATIVE,SENIOR_EXECUTIVE_ADMINISTRATOR,11,"83397"

ADIMINISTRATIVE,EXECUTIVE_ADMINISTRATOR,1,"44752"
ADIMINISTRATIVE,EXECUTIVE_ADMINISTRATOR,2,"47050"
ADIMINISTRATIVE,EXECUTIVE_ADMINISTRATOR,3,"49360"
ADIMINISTRATIVE,EXECUTIVE_ADMINISTRATOR,4,"51268"
ADIMINISTRATIVE,EXECUTIVE_ADMINISTRATOR,5,"53218"
ADIMINISTRATIVE,EXECUTIVE_ADMINISTRATOR,6,"55306"
ADIMINISTRATIVE,EXECUTIVE_ADMINISTRATOR,7,"57462"
ADIMINISTRATIVE,EXECUTIVE_ADMINISTRATOR,8,"59557"
ADIMINISTRATIVE,EXECUTIVE_ADMINISTRATOR,9,"61263"
ADIMINISTRATIVE,EXECUTIVE_ADMINISTRATOR,10,"62840"
ADIMINISTRATIVE,EXECUTIVE_ADMINISTRATOR,11,"64409"

ADIMINISTRATIVE,SENIOR_ADMINISTRATOR,1,"39893"
ADIMINISTRATIVE,SENIOR_ADMINISTRATOR,2,"40785"
ADIMINISTRATIVE,SENIOR_ADMINISTRATOR,3,"42037"
ADIMINISTRATIVE,SENIOR_ADMINISTRATOR,4,"43282"
ADIMINISTRATIVE,SENIOR_ADMINISTRATOR,5,"44546"
ADIMINISTRATIVE,SENIOR_ADMINISTRATOR,6,"45799"
ADIMINISTRATIVE,SENIOR_ADMINISTRATOR,7,"47069"
ADIMINISTRATIVE,SENIOR_ADMINISTRATOR,8,"48336"
ADIMINISTRATIVE,SENIOR_ADMINISTRATOR,9,"49613"
ADIMINISTRATIVE,SENIOR_ADMINISTRATOR,10,"50660"
ADIMINISTRATIVE,SENIOR_ADMINISTRATOR,11,"51944"
ADIMINISTRATIVE,SENIOR_ADMINISTRATOR,12,"53265"

ADIMINISTRATIVE,ADMINISTRATOR,1,"26572"
ADIMINISTRATIVE,ADMINISTRATOR,2,"27495"
ADIMINISTRATIVE,ADMINISTRATOR,3,"28629"
ADIMINISTRATIVE,ADMINISTRATOR,4,"29397"
ADIMINISTRATIVE,ADMINISTRATOR,5,"30060"
ADIMINISTRATIVE,ADMINISTRATOR,6,"30830"
ADIMINISTRATIVE,ADMINISTRATOR,7,"31616"
ADIMINISTRATIVE,ADMINISTRATOR,8,"32491"
ADIMINISTRATIVE,ADMINISTRATOR,9,"33224"
ADIMINISTRATIVE,ADMINISTRATOR,10,"34378"
ADIMINISTRATIVE,ADMINISTRATOR,11,"35541"
ADIMINISTRATIVE,ADMINISTRATOR,12,"36715"
ADIMINISTRATIVE,ADMINISTRATOR,13,"37403"
ADIMINISTRATIVE,ADMINISTRATOR,14,"38396"
ADIMINISTRATIVE,ADMINISTRATOR,15,"39212"
ADIMINISTRATIVE,ADMINISTRATOR,16,"39926"
ADIMINISTRATIVE,ADMINISTRATOR,17,"40912"
ADIMINISTRATIVE,ADMINISTRATOR,18,"41892"

ADMINISTRATIVE,HR_MANAGER,3,"156042"



EDUCATION_PROCUREMENT_SERVICES,EPS_PORTFOLIO_MANAGER,1,"86389"
EDUCATION_PROCUREMENT_SERVICES,EPS_PORTFOLIO_MANAGER,2,"90698"
EDUCATION_PROCUREMENT_SERVICES,EPS_PORTFOLIO_MANAGER,3,"95005"
EDUCATION_PROCUREMENT_SERVICES,EPS_PORTFOLIO_MANAGER,4,"99296"
EDUCATION_PROCUREMENT_SERVICES,EPS_PORTFOLIO_MANAGER,5,"103583"
EDUCATION_PROCUREMENT_SERVICES,EPS_PORTFOLIO_MANAGER,6,"107874"

EDUCATION_PROCUREMENT_SERVICES,EPS_CATEGORY_MANAGER,1,"67131"
EDUCATION_PROCUREMENT_SERVICES,EPS_CATEGORY_MANAGER,2,"69712"
EDUCATION_PROCUREMENT_SERVICES,EPS_CATEGORY_MANAGER,3,"72480"
EDUCATION_PROCUREMENT_SERVICES,EPS_CATEGORY_MANAGER,4,"75725"
EDUCATION_PROCUREMENT_SERVICES,EPS_CATEGORY_MANAGER,5,"79087"
EDUCATION_PROCUREMENT_SERVICES,EPS_CATEGORY_MANAGER,6,"82103"
EDUCATION_PROCUREMENT_SERVICES,EPS_CATEGORY_MANAGER,7,"86389"
EDUCATION_PROCUREMENT_SERVICES,EPS_CATEGORY_MANAGER,8,"90698"

EDUCATION_PROCUREMENT_SERVICES,EPS_CATEGORY_SPECIALIST,1,"44752"
EDUCATION_PROCUREMENT_SERVICES,EPS_CATEGORY_SPECIALIST,2,"47047"
EDUCATION_PROCUREMENT_SERVICES,EPS_CATEGORY_SPECIALIST,3,"49360"
EDUCATION_PROCUREMENT_SERVICES,EPS_CATEGORY_SPECIALIST,4,"51269"
EDUCATION_PROCUREMENT_SERVICES,EPS_CATEGORY_SPECIALIST,5,"53219"
EDUCATION_PROCUREMENT_SERVICES,EPS_CATEGORY_SPECIALIST,6,"55306"
EDUCATION_PROCUREMENT_SERVICES,EPS_CATEGORY_SPECIALIST,7,"57462"
EDUCATION_PROCUREMENT_SERVICES,EPS_CATEGORY_SPECIALIST,8,"59558"


LIBRARY,SUB_LIBRARIAN,1,"64830"
LIBRARY,SUB_LIBRARIAN,2,"68413"
LIBRARY,SUB_LIBRARIAN,3,"71505"
LIBRARY,SUB_LIBRARIAN,4,"74734"
LIBRARY,SUB_LIBRARIAN,5,"77824"
LIBRARY,SUB_LIBRARIAN,6,"80106"
LIBRARY,SUB_LIBRARIAN,7,"83065"
LIBRARY,SUB_LIBRARIAN,8,"86613"
LIBRARY,SUB_LIBRARIAN,9,"90308"
LIBRARY,SUB_LIBRARIAN,10,"93715"
LIBRARY,SUB_LIBRARIAN,11,"97127"
LIBRARY,SUB_LIBRARIAN,12,"100531"
LIBRARY,SUB_LIBRARIAN,13,"102234"
LIBRARY,SUB_LIBRARIAN,14,"104052"
LIBRARY,SUB_LIBRARIAN,15,"106850"

LIBRARY,ASSISTANT_LIBRARIAN_2,1,"58657"
LIBRARY,ASSISTANT_LIBRARIAN_2,2,"60174"
LIBRARY,ASSISTANT_LIBRARIAN_2,3,"61704"
LIBRARY,ASSISTANT_LIBRARIAN_2,4,"63240"
LIBRARY,ASSISTANT_LIBRARIAN_2,5,"64776"
LIBRARY,ASSISTANT_LIBRARIAN_2,6,"66317"
LIBRARY,ASSISTANT_LIBRARIAN_2,7,"68510"
LIBRARY,ASSISTANT_LIBRARIAN_2,8,"72779"
LIBRARY,ASSISTANT_LIBRARIAN_2,9,"77291"
LIBRARY,ASSISTANT_LIBRARIAN_2,10,"79691"
LIBRARY,ASSISTANT_LIBRARIAN_2,11,"83397"

LIBRARY,ASSISTANT_LIBRARIAN_1,1,"44751"
LIBRARY,ASSISTANT_LIBRARIAN_1,2,"47050"
LIBRARY,ASSISTANT_LIBRARIAN_1,3,"49364"
LIBRARY,ASSISTANT_LIBRARIAN_1,4,"51269"
LIBRARY,ASSISTANT_LIBRARIAN_1,5,"53605"
LIBRARY,ASSISTANT_LIBRARIAN_1,6,"55126"
LIBRARY,ASSISTANT_LIBRARIAN_1,7,"56632"
LIBRARY,ASSISTANT_LIBRARIAN_1,8,"57745"
LIBRARY,ASSISTANT_LIBRARIAN_1,9,"59104"
LIBRARY,ASSISTANT_LIBRARIAN_1,10,"60468"
LIBRARY,ASSISTANT_LIBRARIAN_1,11,"61415"
LIBRARY,ASSISTANT_LIBRARIAN_1,12,"62371"
LIBRARY,ASSISTANT_LIBRARIAN_1,13,"64409"
LIBRARY,ASSISTANT_LIBRARIAN_1,14,"66805"
LIBRARY,ASSISTANT_LIBRARIAN_1,15,"69293"

LIBRARY,SENIOR_LIBRARY_ASSISTANT,1,"39337"
LIBRARY,SENIOR_LIBRARY_ASSISTANT,2,"39808"
LIBRARY,SENIOR_LIBRARY_ASSISTANT,3,"40882"
LIBRARY,SENIOR_LIBRARY_ASSISTANT,4,"41881"
LIBRARY,SENIOR_LIBRARY_ASSISTANT,5,"42439"
LIBRARY,SENIOR_LIBRARY_ASSISTANT,6,"44325"
LIBRARY,SENIOR_LIBRARY_ASSISTANT,7,"45156"
LIBRARY,SENIOR_LIBRARY_ASSISTANT,8,"46242"
LIBRARY,SENIOR_LIBRARY_ASSISTANT,9,"47587"
LIBRARY,SENIOR_LIBRARY_ASSISTANT,10,"48932"
LIBRARY,SENIOR_LIBRARY_ASSISTANT,11,"50539"
LIBRARY,SENIOR_LIBRARY_ASSISTANT,12,"51945"
LIBRARY,SENIOR_LIBRARY_ASSISTANT,13,"53657"

LIBRARY,LIBRARY_ASSISTANT,1,"33703"
LIBRARY,LIBRARY_ASSISTANT,2,"35429"
LIBRARY,LIBRARY_ASSISTANT,3,"36934"
LIBRARY,LIBRARY_ASSISTANT,4,"37881"
LIBRARY,LIBRARY_ASSISTANT,5,"39133"
LIBRARY,LIBRARY_ASSISTANT,6,"40055"
LIBRARY,LIBRARY_ASSISTANT,7,"41318"
LIBRARY,LIBRARY_ASSISTANT,8,"43868"
LIBRARY,LIBRARY_ASSISTANT,9,"45138"
LIBRARY,LIBRARY_ASSISTANT,10,"45798"

LIBRARY,LIBRARY_ATTENDANT,1,"33403"
LIBRARY,LIBRARY_ATTENDANT,2,"34054"
LIBRARY,LIBRARY_ATTENDANT,3,"36605"
LIBRARY,LIBRARY_ATTENDANT,4,"36966"
LIBRARY,LIBRARY_ATTENDANT,5,"36989"
LIBRARY,LIBRARY_ATTENDANT,6,"37352"
LIBRARY,LIBRARY_ATTENDANT,7,"37714"
LIBRARY,LIBRARY_ATTENDANT,8,"38072"
LIBRARY,LIBRARY_ATTENDANT,9,"38428"
LIBRARY,LIBRARY_ATTENDANT,10,"38443"
LIBRARY,LIBRARY_ATTENDANT,11,"38970"
LIBRARY,LIBRARY_ATTENDANT,12,"39512"
LIBRARY,LIBRARY_ATTENDANT,13,"40039"
LIBRARY,LIBRARY_ATTENDANT,14,"40230"

INFORMATION_TECHNOLOGY,ANALYST_PROGRAMMER_3,1,"67132"
INFORMATION_TECHNOLOGY,ANALYST_PROGRAMMER_3,2,"79088"
INFORMATION_TECHNOLOGY,ANALYST_PROGRAMMER_3,3,"82103"
INFORMATION_TECHNOLOGY,ANALYST_PROGRAMMER_3,4,"86389"
INFORMATION_TECHNOLOGY,ANALYST_PROGRAMMER_3,5,"90697"
INFORMATION_TECHNOLOGY,ANALYST_PROGRAMMER_3,6,"95004"
INFORMATION_TECHNOLOGY,ANALYST_PROGRAMMER_3,7,"99296"
INFORMATION_TECHNOLOGY,ANALYST_PROGRAMMER_3,8,"103583"
INFORMATION_TECHNOLOGY,ANALYST_PROGRAMMER_3,9,"107875"

INFORMATION_TECHNOLOGY,ANALYST_PROGRAMMER_2,1,"53677"
INFORMATION_TECHNOLOGY,ANALYST_PROGRAMMER_2,2,"55287"
INFORMATION_TECHNOLOGY,ANALYST_PROGRAMMER_2,3,"56903"
INFORMATION_TECHNOLOGY,ANALYST_PROGRAMMER_2,4,"58501"
INFORMATION_TECHNOLOGY,ANALYST_PROGRAMMER_2,5,"60116"
INFORMATION_TECHNOLOGY,ANALYST_PROGRAMMER_2,6,"61717"
INFORMATION_TECHNOLOGY,ANALYST_PROGRAMMER_2,7,"64375"
INFORMATION_TECHNOLOGY,ANALYST_PROGRAMMER_2,8,"66805"
INFORMATION_TECHNOLOGY,ANALYST_PROGRAMMER_2,9,"69293"

INFORMATION_TECHNOLOGY,ANALYST_PROGRAMMER_1,1,"42012"
INFORMATION_TECHNOLOGY,ANALYST_PROGRAMMER_1,2,"44629"
INFORMATION_TECHNOLOGY,ANALYST_PROGRAMMER_1,3,"46172"
INFORMATION_TECHNOLOGY,ANALYST_PROGRAMMER_1,4,"47611"
INFORMATION_TECHNOLOGY,ANALYST_PROGRAMMER_1,5,"49079"
INFORMATION_TECHNOLOGY,ANALYST_PROGRAMMER_1,6,"50543"
INFORMATION_TECHNOLOGY,ANALYST_PROGRAMMER_1,7,"52039"
INFORMATION_TECHNOLOGY,ANALYST_PROGRAMMER_1,8,"53562"
INFORMATION_TECHNOLOGY,ANALYST_PROGRAMMER_1,9,"56116"
INFORMATION_TECHNOLOGY,ANALYST_PROGRAMMER_1,10,"58164"

INFORMATION_TECHNOLOGY,SENIOR_COMPUTER_OPERATOR,1,"42214"
INFORMATION_TECHNOLOGY,SENIOR_COMPUTER_OPERATOR,2,"43823"
INFORMATION_TECHNOLOGY,SENIOR_COMPUTER_OPERATOR,3,"45475"
INFORMATION_TECHNOLOGY,SENIOR_COMPUTER_OPERATOR,4,"46768"
INFORMATION_TECHNOLOGY,SENIOR_COMPUTER_OPERATOR,5,"48067"
INFORMATION_TECHNOLOGY,SENIOR_COMPUTER_OPERATOR,6,"49369"
INFORMATION_TECHNOLOGY,SENIOR_COMPUTER_OPERATOR,7,"50686"
INFORMATION_TECHNOLOGY,SENIOR_COMPUTER_OPERATOR,8,"51968"
INFORMATION_TECHNOLOGY,SENIOR_COMPUTER_OPERATOR,9,"53657"
INFORMATION_TECHNOLOGY,SENIOR_COMPUTER_OPERATOR,10,"55570"

INFORMATION_TECHNOLOGY,COMPUTER_OPERATOR,1,"33403"
INFORMATION_TECHNOLOGY,COMPUTER_OPERATOR,2,"35114"
INFORMATION_TECHNOLOGY,COMPUTER_OPERATOR,3,"36604"
INFORMATION_TECHNOLOGY,COMPUTER_OPERATOR,4,"37881"
INFORMATION_TECHNOLOGY,COMPUTER_OPERATOR,5,"39133"
INFORMATION_TECHNOLOGY,COMPUTER_OPERATOR,6,"40054"
INFORMATION_TECHNOLOGY,COMPUTER_OPERATOR,7,"41318"
INFORMATION_TECHNOLOGY,COMPUTER_OPERATOR,8,"42586"
INFORMATION_TECHNOLOGY,COMPUTER_OPERATOR,9,"43868"
INFORMATION_TECHNOLOGY,COMPUTER_OPERATOR,10,"45138"

INFORMATION_TECHNOLOGY,PRINT_OPERATOR_2,1,"31238"
INFORMATION_TECHNOLOGY,PRINT_OPERATOR_2,2,"32320"
INFORMATION_TECHNOLOGY,PRINT_OPERATOR_2,3,"33844"
INFORMATION_TECHNOLOGY,PRINT_OPERATOR_2,4,"35403"
INFORMATION_TECHNOLOGY,PRINT_OPERATOR_2,5,"36946"
INFORMATION_TECHNOLOGY,PRINT_OPERATOR_2,6,"38331"
INFORMATION_TECHNOLOGY,PRINT_OPERATOR_2,7,"39365"
INFORMATION_TECHNOLOGY,PRINT_OPERATOR_2,8,"40749"
INFORMATION_TECHNOLOGY,PRINT_OPERATOR_2,9,"42093"
INFORMATION_TECHNOLOGY,PRINT_OPERATOR_2,10,"43223"
INFORMATION_TECHNOLOGY,PRINT_OPERATOR_2,11,"44373"

INFORMATION_TECHNOLOGY,PRINT_OPERATOR_1,1,"29021"
INFORMATION_TECHNOLOGY,PRINT_OPERATOR_1,2,"30996"
INFORMATION_TECHNOLOGY,PRINT_OPERATOR_1,3,"31738"
INFORMATION_TECHNOLOGY,PRINT_OPERATOR_1,4,"32768"
INFORMATION_TECHNOLOGY,PRINT_OPERATOR_1,5,"34232"
INFORMATION_TECHNOLOGY,PRINT_OPERATOR_1,6,"35719"
INFORMATION_TECHNOLOGY,PRINT_OPERATOR_1,7,"37208"
INFORMATION_TECHNOLOGY,PRINT_OPERATOR_1,8,"38553"

INFORMATION_TECHNOLOGY,COMPUTER_LAB_ATTENDANT,1,"33403"
INFORMATION_TECHNOLOGY,COMPUTER_LAB_ATTENDANT,2,"34543"
INFORMATION_TECHNOLOGY,COMPUTER_LAB_ATTENDANT,3,"36605"
INFORMATION_TECHNOLOGY,COMPUTER_LAB_ATTENDANT,4,"36967"
INFORMATION_TECHNOLOGY,COMPUTER_LAB_ATTENDANT,5,"36987"
INFORMATION_TECHNOLOGY,COMPUTER_LAB_ATTENDANT,6,"37353"
INFORMATION_TECHNOLOGY,COMPUTER_LAB_ATTENDANT,7,"37714"
INFORMATION_TECHNOLOGY,COMPUTER_LAB_ATTENDANT,8,"38072"
INFORMATION_TECHNOLOGY,COMPUTER_LAB_ATTENDANT,9,"38428"

INFORMATION_TECHNOLOGY,TEMPORARY_COMPUTER_ASSISTANT,1,"33403"
INFORMATION_TECHNOLOGY,TEMPORARY_COMPUTER_ASSISTANT,2,"34543"
INFORMATION_TECHNOLOGY,TEMPORARY_COMPUTER_ASSISTANT,3,"36605"
INFORMATION_TECHNOLOGY,TEMPORARY_COMPUTER_ASSISTANT,4,"36967"
INFORMATION_TECHNOLOGY,TEMPORARY_COMPUTER_ASSISTANT,5,"36987"
INFORMATION_TECHNOLOGY,TEMPORARY_COMPUTER_ASSISTANT,6,"37353"
INFORMATION_TECHNOLOGY,TEMPORARY_COMPUTER_ASSISTANT,7,"37714"
INFORMATION_TECHNOLOGY,TEMPORARY_COMPUTER_ASSISTANT,8,"38072"
INFORMATION_TECHNOLOGY,TEMPORARY_COMPUTER_ASSISTANT,9,"38428"


TECHNICAL,CHIEF_TECHNICAL_OFFICER,1,"64838"
TECHNICAL,CHIEF_TECHNICAL_OFFICER,2,"67536"
TECHNICAL,CHIEF_TECHNICAL_OFFICER,3,"70205"
TECHNICAL,CHIEF_TECHNICAL_OFFICER,4,"72948"
TECHNICAL,CHIEF_TECHNICAL_OFFICER,5,"75821"
TECHNICAL,CHIEF_TECHNICAL_OFFICER,6,"78621"

TECHNICAL,TECHNICAL_OFFICER,1,"39828"
TECHNICAL,TECHNICAL_OFFICER,2,"41606"
TECHNICAL,TECHNICAL_OFFICER,3,"43745"
TECHNICAL,TECHNICAL_OFFICER,4,"45033"
TECHNICAL,TECHNICAL_OFFICER,5,"46408"
TECHNICAL,TECHNICAL_OFFICER,6,"49325"
TECHNICAL,TECHNICAL_OFFICER,7,"51251"
TECHNICAL,TECHNICAL_OFFICER,8,"53228"
TECHNICAL,TECHNICAL_OFFICER,9,"55376"
TECHNICAL,TECHNICAL_OFFICER,10,"57459"


TECHNICAL,SENIOR_TECHNICAL_OFFICER,11,"60654"
TECHNICAL,SENIOR_TECHNICAL_OFFICER,12,"62799"
TECHNICAL,SENIOR_TECHNICAL_OFFICER,13,"65107"
TECHNICAL,SENIOR_TECHNICAL_OFFICER,14,"67470"
TECHNICAL,SENIOR_TECHNICAL_OFFICER,15,"69827"
TECHNICAL,SENIOR_TECHNICAL_OFFICER,16,"71290"

TECHNICAL,SENIOR_LAB_ATTENDANT,1,"38443"
TECHNICAL,SENIOR_LAB_ATTENDANT,2,"38970"
TECHNICAL,SENIOR_LAB_ATTENDANT,3,"39512"
TECHNICAL,SENIOR_LAB_ATTENDANT,4,"40040"
TECHNICAL,SENIOR_LAB_ATTENDANT,5,"40229"

TECHNICAL,LABORATORY_ATTENDANT,1,"33403"
TECHNICAL,LABORATORY_ATTENDANT,2,"34543"
TECHNICAL,LABORATORY_ATTENDANT,3,"36604"
TECHNICAL,LABORATORY_ATTENDANT,4,"36966"
TECHNICAL,LABORATORY_ATTENDANT,5,"36989"
TECHNICAL,LABORATORY_ATTENDANT,6,"37352"
TECHNICAL,LABORATORY_ATTENDANT,7,"37714"
TECHNICAL,LABORATORY_ATTENDANT,8,"38072"
TECHNICAL,LABORATORY_ATTENDANT,9,"38429"

SERVICE_STAFF,SEN_PORTER/ATTENDANT,1,"41472"
SERVICE_STAFF,SEN_PORTER/ATTENDANT,2,"41678"
SERVICE_STAFF,SEN_PORTER/ATTENDANT,3,"41873"
SERVICE_STAFF,SEN_PORTER/ATTENDANT,4,"41984"
SERVICE_STAFF,SEN_PORTER/ATTENDANT,5,"42103"
SERVICE_STAFF,SEN_PORTER/ATTENDANT,6,"42213"
SERVICE_STAFF,SEN_PORTER/ATTENDANT,7,"42325"
SERVICE_STAFF,SEN_PORTER/ATTENDANT,8,"42445"
SERVICE_STAFF,SEN_PORTER/ATTENDANT,9,"42563"
SERVICE_STAFF,SEN_PORTER/ATTENDANT,10,"42689"
SERVICE_STAFF,SEN_PORTER/ATTENDANT,11,"42813"
SERVICE_STAFF,SEN_PORTER/ATTENDANT,12,"42936"
SERVICE_STAFF,SEN_PORTER/ATTENDANT,13,"43069"

SERVICE_STAFF,PORTER/ATTENDANT,1,"36456"
SERVICE_STAFF,PORTER/ATTENDANT,2,"37227"
SERVICE_STAFF,PORTER/ATTENDANT,3,"39454"
SERVICE_STAFF,PORTER/ATTENDANT,4,"39644"
SERVICE_STAFF,PORTER/ATTENDANT,5,"39821"
SERVICE_STAFF,PORTER/ATTENDANT,6,"39919"
SERVICE_STAFF,PORTER/ATTENDANT,7,"40032"
SERVICE_STAFF,PORTER/ATTENDANT,8,"40032"
SERVICE_STAFF,PORTER/ATTENDANT,9,"40032"
SERVICE_STAFF,PORTER/ATTENDANT,10,"40032"
SERVICE_STAFF,PORTER/ATTENDANT,11,"40099"
SERVICE_STAFF,PORTER/ATTENDANT,12,"40214"
SERVICE_STAFF,PORTER/ATTENDANT,13,"40327"
SERVICE_STAFF,PORTER/ATTENDANT,14,"40440"
SERVICE_STAFF,PORTER/ATTENDANT,15,"40552"

SERVICE_STAFF,GROUNDS_SUPERVISOR,1,"40712"
SERVICE_STAFF,GROUNDS_SUPERVISOR,2,"40895"
SERVICE_STAFF,GROUNDS_SUPERVISOR,3,"41086"
SERVICE_STAFF,GROUNDS_SUPERVISOR,4,"41188"
SERVICE_STAFF,GROUNDS_SUPERVISOR,5,"41295"
SERVICE_STAFF,GROUNDS_SUPERVISOR,6,"41402"
SERVICE_STAFF,GROUNDS_SUPERVISOR,7,"41498"
SERVICE_STAFF,GROUNDS_SUPERVISOR,8,"41609"
SERVICE_STAFF,GROUNDS_SUPERVISOR,9,"€41720"
SERVICE_STAFF,GROUNDS_SUPERVISOR,10,"41828"
SERVICE_STAFF,GROUNDS_SUPERVISOR,11,"41944"
SERVICE_STAFF,GROUNDS_SUPERVISOR,12,"42060"
SERVICE_STAFF,GROUNDS_SUPERVISOR,13,"42165"

SERVICE_STAFF,GROUNDSWORKPERSON,1,"35063"
SERVICE_STAFF,GROUNDSWORKPERSON,2,"35795"
SERVICE_STAFF,GROUNDSWORKPERSON,3,"38451"
SERVICE_STAFF,GROUNDSWORKPERSON,4,"38637"
SERVICE_STAFF,GROUNDSWORKPERSON,5,"38810"
SERVICE_STAFF,GROUNDSWORKPERSON,6,"38906"
SERVICE_STAFF,GROUNDSWORKPERSON,7,"39009"
SERVICE_STAFF,GROUNDSWORKPERSON,8,"39104"
SERVICE_STAFF,GROUNDSWORKPERSON,9,"39206"
SERVICE_STAFF,GROUNDSWORKPERSON,10,"39304"
SERVICE_STAFF,GROUNDSWORKPERSON,11,"39415"
SERVICE_STAFF,GROUNDSWORKPERSON,12,"39522"
SERVICE_STAFF,GROUNDSWORKPERSON,13,"39632"
SERVICE_STAFF,GROUNDSWORKPERSON,14,"39744"
SERVICE_STAFF,GROUNDSWORKPERSON,15,"39861"

SERVICE_STAFF,SENIOR_AIDE,1,"40827"
SERVICE_STAFF,SENIOR_AIDE,2,"41026"
SERVICE_STAFF,SENIOR_AIDE,3,"41209"
SERVICE_STAFF,SENIOR_AIDE,4,"41317"
SERVICE_STAFF,SENIOR_AIDE,5,"41420"
SERVICE_STAFF,SENIOR_AIDE,6,"41534"
SERVICE_STAFF,SENIOR_AIDE,7,"41635"
SERVICE_STAFF,SENIOR_AIDE,8,"41745"
SERVICE_STAFF,SENIOR_AIDE,9,"41859"
SERVICE_STAFF,SENIOR_AIDE,10,"41975"
SERVICE_STAFF,SENIOR_AIDE,11,"42089"
SERVICE_STAFF,SENIOR_AIDE,12,"42206"
SERVICE_STAFF,SENIOR_AIDE,13,"42318"

SERVICE_STAFF,GROUNDSWORKPERSON_MACHINE_ATTENDANT,1,"35829"
SERVICE_STAFF,GROUNDSWORKPERSON_MACHINE_ATTENDANT,2,"36585"
SERVICE_STAFF,GROUNDSWORKPERSON_MACHINE_ATTENDANT,3,"39300"
SERVICE_STAFF,GROUNDSWORKPERSON_MACHINE_ATTENDANT,4,"39493"
SERVICE_STAFF,GROUNDSWORKPERSON_MACHINE_ATTENDANT,5,"39671"
SERVICE_STAFF,GROUNDSWORKPERSON_MACHINE_ATTENDANT,6,"39864"
SERVICE_STAFF,GROUNDSWORKPERSON_MACHINE_ATTENDANT,7,"39874"
SERVICE_STAFF,GROUNDSWORKPERSON_MACHINE_ATTENDANT,8,"39979"
SERVICE_STAFF,GROUNDSWORKPERSON_MACHINE_ATTENDANT,9,"40085"
SERVICE_STAFF,GROUNDSWORKPERSON_MACHINE_ATTENDANT,10,"40085"
SERVICE_STAFF,GROUNDSWORKPERSON_MACHINE_ATTENDANT,11,"40085"
SERVICE_STAFF,GROUNDSWORKPERSON_MACHINE_ATTENDANT,12,"40085"
SERVICE_STAFF,GROUNDSWORKPERSON_MACHINE_ATTENDANT,13,"40172"
SERVICE_STAFF,GROUNDSWORKPERSON_MACHINE_ATTENDANT,14,"40286"
SERVICE_STAFF,GROUNDSWORKPERSON_MACHINE_ATTENDANT,15,"40401"

SERVICE_STAFF,SERVICE_STAFF,1,"35974"
SERVICE_STAFF,SERVICE_STAFF,2,"36736"
SERVICE_STAFF,SERVICE_STAFF,3,"39461"
SERVICE_STAFF,SERVICE_STAFF,4,"39657"
SERVICE_STAFF,SERVICE_STAFF,5,"39836"
SERVICE_STAFF,SERVICE_STAFF,6,"39933"
SERVICE_STAFF,SERVICE_STAFF,7,"40040"
SERVICE_STAFF,SERVICE_STAFF,8,"40040"
SERVICE_STAFF,SERVICE_STAFF,9,"40040"
SERVICE_STAFF,SERVICE_STAFF,10,"40040"
SERVICE_STAFF,SERVICE_STAFF,11,"40113"
SERVICE_STAFF,SERVICE_STAFF,12,"40226"
SERVICE_STAFF,SERVICE_STAFF,13,"40336"
SERVICE_STAFF,SERVICE_STAFF,14,"40451"
SERVICE_STAFF,SERVICE_STAFF,15,"40566"

SERVICE_STAFF,SERVICE_STAFF_SHIFT,1,"37129"
SERVICE_STAFF,SERVICE_STAFF_SHIFT,2,"37898"
SERVICE_STAFF,SERVICE_STAFF_SHIFT,3,"40388"
SERVICE_STAFF,SERVICE_STAFF_SHIFT,4,"40578"
SERVICE_STAFF,SERVICE_STAFF_SHIFT,5,"40761"
SERVICE_STAFF,SERVICE_STAFF_SHIFT,6,"40861"
SERVICE_STAFF,SERVICE_STAFF_SHIFT,7,"40973"
SERVICE_STAFF,SERVICE_STAFF_SHIFT,8,"41074"
SERVICE_STAFF,SERVICE_STAFF_SHIFT,9,"41179"
SERVICE_STAFF,SERVICE_STAFF_SHIFT,10,"41284"
SERVICE_STAFF,SERVICE_STAFF_SHIFT,11,"41392"
SERVICE_STAFF,SERVICE_STAFF_SHIFT,12,"41506"
SERVICE_STAFF,SERVICE_STAFF_SHIFT,13,"41613"
SERVICE_STAFF,SERVICE_STAFF_SHIFT,14,"41733"
SERVICE_STAFF,SERVICE_STAFF_SHIFT,15,"41846"

SERVICE_STAFF,PLANT_MAINTENANCE_AIDE,1,"40053"
SERVICE_STAFF,PLANT_MAINTENANCE_AIDE,2,"43995"

SERVICE_STAFF,GROUNDS_FOREPERSON,1,"49333"
SERVICE_STAFF,GROUNDS_FOREPERSON,2,"50369"
SERVICE_STAFF,GROUNDS_FOREPERSON,3,"51204"
SERVICE_STAFF,GROUNDS_FOREPERSON,4,"52137"
SERVICE_STAFF,GROUNDS_FOREPERSON,5,"53117"
SERVICE_STAFF,GROUNDS_FOREPERSON,6,"54078"

TEACHERS,TEACHING_FELLOW,1,"62069"
TEACHERS,TEACHING_FELLOW,2,"73092"
TEACHERS,TEACHING_FELLOW,3,"77007"
TEACHERS,TEACHING_FELLOW,4,"79703"
TEACHERS,TEACHING_FELLOW,5,"83634"
TEACHERS,TEACHING_FELLOW,6,"87605"
TEACHERS,TEACHING_FELLOW,7,"91562"
TEACHERS,TEACHING_FELLOW,8,"95514"
TEACHERS,TEACHING_FELLOW,9,"99471"

TEACHERS,UNIVERSITY_TEACHER,1,"46955"
TEACHERS,UNIVERSITY_TEACHER,2,"49543"
TEACHERS,UNIVERSITY_TEACHER,3,"51676"
TEACHERS,UNIVERSITY_TEACHER,4,"53644"
TEACHERS,UNIVERSITY_TEACHER,5,"55689"
TEACHERS,UNIVERSITY_TEACHER,6,"57323"
TEACHERS,UNIVERSITY_TEACHER,7,"58990"
TEACHERS,UNIVERSITY_TEACHER,8,"60654"
TEACHERS,UNIVERSITY_TEACHER,9,"62314"
TEACHERS,UNIVERSITY_TEACHER,10,"63965"

TEACHERS,ASSOCIATE_TEACHER,1,"37008"
TEACHERS,ASSOCIATE_TEACHER,2,"39126"
TEACHERS,ASSOCIATE_TEACHER,3,"40060"
TEACHERS,ASSOCIATE_TEACHER,4,"41945"
TEACHERS,ASSOCIATE_TEACHER,5,"43130"
TEACHERS,ASSOCIATE_TEACHER,6,"44464"
TEACHERS,ASSOCIATE_TEACHER,7,"45716"
TEACHERS,ASSOCIATE_TEACHER,8,"46978"
TEACHERS,ASSOCIATE_TEACHER,9,"47948"
TEACHERS,ASSOCIATE_TEACHER,10,"50419"

CLINICAL,HERAPIES_REGIONAL_SUPERVISORS_REGIONAL_PLACEMENT_FACILITATOR,1,"62038"
CLINICAL,HERAPIES_REGIONAL_SUPERVISORS_REGIONAL_PLACEMENT_FACILITATOR,2,"63360"
CLINICAL,HERAPIES_REGIONAL_SUPERVISORS_REGIONAL_PLACEMENT_FACILITATOR,3,"64724"
CLINICAL,HERAPIES_REGIONAL_SUPERVISORS_REGIONAL_PLACEMENT_FACILITATOR,4,"66076"
CLINICAL,HERAPIES_REGIONAL_SUPERVISORS_REGIONAL_PLACEMENT_FACILITATOR,5,"67430"
CLINICAL,HERAPIES_REGIONAL_SUPERVISORS_REGIONAL_PLACEMENT_FACILITATOR,6,"68853"
CLINICAL,HERAPIES_REGIONAL_SUPERVISORS_REGIONAL_PLACEMENT_FACILITATOR,7,"70352"
CLINICAL,HERAPIES_REGIONAL_SUPERVISORS_REGIONAL_PLACEMENT_FACILITATOR,8,"71848"
CLINICAL,HERAPIES_REGIONAL_SUPERVISORS_REGIONAL_PLACEMENT_FACILITATOR,9,"73048"

CLINICAL,CLINICAL_TUTOR,1,"66452"
CLINICAL,CLINICAL_TUTOR,2,"69009"
CLINICAL,CLINICAL_TUTOR,3,"71509"
CLINICAL,CLINICAL_TUTOR,4,"73344"
CLINICAL,CLINICAL_TUTOR,5,"75794"
CLINICAL,CLINICAL_TUTOR,6,"78252"

CLINICAL,CLINICAL_FELLOW,1,"74499"
CLINICAL,CLINICAL_FELLOW,2,"76258"
CLINICAL,CLINICAL_FELLOW,3,"78804"
CLINICAL,CLINICAL_FELLOW,4,"81095"
CLINICAL,CLINICAL_FELLOW,5,"84824"
CLINICAL,CLINICAL_FELLOW,6,"88562"
CLINICAL,CLINICAL_FELLOW,7,"92294"


ULAC,Assistant_Senior_Instructor,1,"31099"

ULAC,Lead_Instructor,1,"29370"

ULAC,Multi_Activity_Instructor_(Grade_1),1,"25334"
ULAC,Multi_Activity_Instructor_(Grade_1),2,"27639"

ULAC,Multi_Activity_Instructor_(Grade_2),1,"25910"

ULAC,Assistant_Instructor,1,"23363"
ULAC,Assistant_Instructor,2,"25576"

ULAC,CO-OP_STUDENTS,1,"25306"
ULAC,CO-OP_STUDENTS,2,"25350"
